,information_content,conditional_entropy
0,2.7622461986544855,2.680310278597004
