,information_content,conditional_entropy
0,2.7849582380331546,3.897491604108023
1,0.21199978186722404,3.561140046664993
2,1.147643738424201,4.683669011595566
3,0.8198823902723626,3.67274221414597
4,2.472199415734836,2.196599566017449
5,1.2913516678957493,4.143667144078991
6,8.462629280509878,0.0
7,2.896616032438843,2.663385988654897
8,0.9704042057553381,3.6678450012781827
9,2.5466796036778985,3.8725995508808846
